{
  "total_pixels": 42531,
  "overall_accuracy": 0.9585949072441278,
  "per_class": {
    "healthy": {
      "precision": 0.9860663140239969,
      "recall": 0.9856212521761558,
      "f1": 0.985843732868982,
      "support": 15509
    },
    "sick": {
      "precision": 0.8516003879728419,
      "recall": 0.9811152084031736,
      "f1": 0.9117815047510255,
      "support": 8949
    },
    "others": {
      "precision": 0.999102817154136,
      "recall": 0.92425164610192,
      "f1": 0.960220740400092,
      "support": 18073
    }
  },
  "confusion_matrix": [
    [
      15286,
      223,
      0
    ],
    [
      154,
      8780,
      15
    ],
    [
      62,
      1307,
      16704
    ]
  ]
}